ChunkID, Package Name, Class Type, Hard or Soft Chunk, File Size, Other Chunks
0,/Engine/MapTemplates/Bokeh_5Sides,Texture2D,Hard,350899,None
0,/Game/Art/Enemies/Animations/NF_RiflePose,AnimSequence,Soft From Unassigned Package? Best Guess: /NorthernFront/MiniCutscene/LevelNF_Minicutscene->/NorthernFront/NF_Steiner->/Game/Art/Enemies/Animations/NF_RiflePose,17800,None
0,/Game/BLS_Shotgun/Animations/A_Reload,AnimSequence,Soft From Unassigned Package? Best Guess: /NorthernFront/Cutscene/LevelSequence_InitNF->/NorthernFront/LevelNF_Cutscene->/NorthernFront/Cutscene/Steiner_Cutscene->/Game/BLS_Shotgun/Animations/A_Reload,3624,None
0,/Game/BLS_Shotgun/Materials/Apocalypse/MI_Apocalypse_Tex1,MaterialInstanceConstant,Soft From Unassigned Package? Best Guess: /NorthernFront/Cutscene/LevelSequence_InitNF->/NorthernFront/LevelNF_Cutscene->/NorthernFront/Cutscene/Steiner_Cutscene->/Game/BLS_Shotgun/Materials/Apocalypse/MI_Apocalypse_Tex1,3871,None
0,/Game/BLS_Shotgun/Materials/Apocalypse/MI_Apocalypse_Tex2,MaterialInstanceConstant,Soft From Unassigned Package? Best Guess: /NorthernFront/Cutscene/LevelSequence_InitNF->/NorthernFront/LevelNF_Cutscene->/NorthernFront/Cutscene/Steiner_Cutscene->/Game/BLS_Shotgun/Materials/Apocalypse/MI_Apocalypse_Tex2,3388,None
0,/Game/BLS_Shotgun/Materials/Bandage/MI_Bandage,MaterialInstanceConstant,Soft From Unassigned Package? Best Guess: /NorthernFront/Cutscene/LevelSequence_InitNF->/NorthernFront/LevelNF_Cutscene->/NorthernFront/Cutscene/Steiner_Cutscene->/Game/BLS_Shotgun/Meshes/Attachments/SM_Grip_Bandage->/Game/BLS_Shotgun/Materials/Bandage/MI_Bandage,1282,None
0,/Game/BLS_Shotgun/Materials/M_Cutout,Material,Soft From Unassigned Package? Best Guess: /NorthernFront/Cutscene/LevelSequence_InitNF->/NorthernFront/LevelNF_Cutscene->/NorthernFront/Cutscene/Steiner_Cutscene->/Game/BLS_Shotgun/Meshes/Attachments/SM_Grip_Bandage->/Game/BLS_Shotgun/Materials/Bandage/MI_Bandage->/Game/BLS_Shotgun/Materials/M_Cutout,67014,None
0,/Game/BLS_Shotgun/Meshes/Attachments/SM_Grip_Bandage,StaticMesh,Soft From Unassigned Package? Best Guess: /NorthernFront/Cutscene/LevelSequence_InitNF->/NorthernFront/LevelNF_Cutscene->/NorthernFront/Cutscene/Steiner_Cutscene->/Game/BLS_Shotgun/Meshes/Attachments/SM_Grip_Bandage,220722,None
0,/Game/BLS_Shotgun/Textures/Apocalypse/T_Shotgun_LP_Shotgun_Tex_1_BaseColor,Texture2D,Soft From Unassigned Package? Best Guess: /NorthernFront/Cutscene/LevelSequence_InitNF->/NorthernFront/LevelNF_Cutscene->/NorthernFront/Cutscene/Steiner_Cutscene->/Game/BLS_Shotgun/Materials/Apocalypse/MI_Apocalypse_Tex1->/Game/BLS_Shotgun/Textures/Apocalypse/T_Shotgun_LP_Shotgun_Tex_1_BaseColor,22371097,None
0,/Game/BLS_Shotgun/Textures/Apocalypse/T_Shotgun_LP_Shotgun_Tex_1_Emissive,Texture2D,Soft From Unassigned Package? Best Guess: /NorthernFront/Cutscene/LevelSequence_InitNF->/NorthernFront/LevelNF_Cutscene->/NorthernFront/Cutscene/Steiner_Cutscene->/Game/BLS_Shotgun/Materials/Apocalypse/MI_Apocalypse_Tex1->/Game/BLS_Shotgun/Textures/Apocalypse/T_Shotgun_LP_Shotgun_Tex_1_Emissive,11186331,None
0,/Game/BLS_Shotgun/Textures/Apocalypse/T_Shotgun_LP_Shotgun_Tex_1_Normal,Texture2D,Soft From Unassigned Package? Best Guess: /NorthernFront/Cutscene/LevelSequence_InitNF->/NorthernFront/LevelNF_Cutscene->/NorthernFront/Cutscene/Steiner_Cutscene->/Game/BLS_Shotgun/Materials/Apocalypse/MI_Apocalypse_Tex1->/Game/BLS_Shotgun/Textures/Apocalypse/T_Shotgun_LP_Shotgun_Tex_1_Normal,22371410,None
0,/Game/BLS_Shotgun/Textures/Apocalypse/T_Shotgun_LP_Shotgun_Tex_2_BaseColor,Texture2D,Soft From Unassigned Package? Best Guess: /NorthernFront/Cutscene/LevelSequence_InitNF->/NorthernFront/LevelNF_Cutscene->/NorthernFront/Cutscene/Steiner_Cutscene->/Game/BLS_Shotgun/Materials/Apocalypse/MI_Apocalypse_Tex2->/Game/BLS_Shotgun/Textures/Apocalypse/T_Shotgun_LP_Shotgun_Tex_2_BaseColor,22371097,None
0,/Game/BLS_Shotgun/Textures/Apocalypse/T_Shotgun_LP_Shotgun_Tex_2_Normal,Texture2D,Soft From Unassigned Package? Best Guess: /NorthernFront/Cutscene/LevelSequence_InitNF->/NorthernFront/LevelNF_Cutscene->/NorthernFront/Cutscene/Steiner_Cutscene->/Game/BLS_Shotgun/Materials/Apocalypse/MI_Apocalypse_Tex2->/Game/BLS_Shotgun/Textures/Apocalypse/T_Shotgun_LP_Shotgun_Tex_2_Normal,22371410,None
0,/Game/BLS_Shotgun/Textures/Apocalypse/T_Tex_1_OclRouMet,Texture2D,Soft From Unassigned Package? Best Guess: /NorthernFront/Cutscene/LevelSequence_InitNF->/NorthernFront/LevelNF_Cutscene->/NorthernFront/Cutscene/Steiner_Cutscene->/Game/BLS_Shotgun/Materials/Apocalypse/MI_Apocalypse_Tex1->/Game/BLS_Shotgun/Textures/Apocalypse/T_Tex_1_OclRouMet,11186295,None
0,/Game/BLS_Shotgun/Textures/Apocalypse/T_Tex_2_OccRouMet,Texture2D,Soft From Unassigned Package? Best Guess: /NorthernFront/Cutscene/LevelSequence_InitNF->/NorthernFront/LevelNF_Cutscene->/NorthernFront/Cutscene/Steiner_Cutscene->/Game/BLS_Shotgun/Materials/Apocalypse/MI_Apocalypse_Tex2->/Game/BLS_Shotgun/Textures/Apocalypse/T_Tex_2_OccRouMet,11186295,None
0,/Game/BLS_Shotgun/Textures/Bandage/T_Shotgun_LP_Bandage_BaseColor,Texture2D,Soft From Unassigned Package? Best Guess: /NorthernFront/Cutscene/LevelSequence_InitNF->/NorthernFront/LevelNF_Cutscene->/NorthernFront/Cutscene/Steiner_Cutscene->/Game/BLS_Shotgun/Meshes/Attachments/SM_Grip_Bandage->/Game/BLS_Shotgun/Materials/Bandage/MI_Bandage->/Game/BLS_Shotgun/Materials/M_Cutout->/Game/BLS_Shotgun/Textures/Bandage/T_Shotgun_LP_Bandage_BaseColor,1399490,None
0,/Game/BLS_Shotgun/Textures/Bandage/T_Shotgun_LP_Bandage_Normal,Texture2D,Soft From Unassigned Package? Best Guess: /NorthernFront/Cutscene/LevelSequence_InitNF->/NorthernFront/LevelNF_Cutscene->/NorthernFront/Cutscene/Steiner_Cutscene->/Game/BLS_Shotgun/Meshes/Attachments/SM_Grip_Bandage->/Game/BLS_Shotgun/Materials/Bandage/MI_Bandage->/Game/BLS_Shotgun/Materials/M_Cutout->/Game/BLS_Shotgun/Textures/Bandage/T_Shotgun_LP_Bandage_Normal,1399803,None
0,/Game/BLS_Shotgun/Textures/Bandage/T_Shotgun_LP_Bandage_OcclusionRoughnessMetallic,Texture2D,Soft From Unassigned Package? Best Guess: /NorthernFront/Cutscene/LevelSequence_InitNF->/NorthernFront/LevelNF_Cutscene->/NorthernFront/Cutscene/Steiner_Cutscene->/Game/BLS_Shotgun/Meshes/Attachments/SM_Grip_Bandage->/Game/BLS_Shotgun/Materials/Bandage/MI_Bandage->/Game/BLS_Shotgun/Materials/M_Cutout->/Game/BLS_Shotgun/Textures/Bandage/T_Shotgun_LP_Bandage_OcclusionRoughnessMetallic,700520,None
0,/Game/Brushify/Materials/Landscape/LayerInfos/Slope_LayerInfo,LandscapeLayerInfoObject,Soft From Unassigned Package? Best Guess: /NorthernFront/LevelNF_1->/Game/Brushify/Materials/Landscape/LayerInfos/Slope_LayerInfo,902,None
0,/Game/Conversations/Events/DemonByeEvent,Blueprint,Soft From Unassigned Package? Best Guess: /Game/Conversations/NF/Demon_Dialogue->/Game/Conversations/NF/NF_Demon->/Game/Conversations/Events/DemonByeEvent,5992,None
0,/Game/Conversations/NF/NF_Demon,Dialogue,Soft From Unassigned Package? Best Guess: /Game/Conversations/NF/Demon_Dialogue->/Game/Conversations/NF/NF_Demon,8149,None
0,/Game/Conversations/NF/NF_Doctor,Dialogue,Soft From Unassigned Package? Best Guess: /NorthernFront/LevelNF_Walk_1->/Game/Conversations/NF/NF_Doctor,4455,None
0,/Game/Conversations/NF/NF_Hartman,Dialogue,Soft From Unassigned Package? Best Guess: /NorthernFront/LevelNF_Walk_1->/Game/Conversations/NF/NF_Hartman,7990,None
0,/Game/Conversations/NF/NF_Joker,Dialogue,Soft From Unassigned Package? Best Guess: /NorthernFront/LevelNF_Walk_1->/Game/Conversations/NF/NF_Joker,4928,None
0,/Game/Conversations/NF/NF_Recruit,Dialogue,Soft From Unassigned Package? Best Guess: /NorthernFront/LevelNF_Walk_1->/Game/Conversations/NF/NF_Recruit,6298,None
0,/Game/Conversations/NF/NF_Truman,Dialogue,Soft From Unassigned Package? Best Guess: /NorthernFront/LevelNF_Walk_1->/Game/Conversations/NF/NF_Truman,6278,None
0,/Game/FPS_Game/Particles/Niagara/Snow/Snow_NiagaraEmitter,NiagaraEmitter,Soft From Unassigned Package? Best Guess: /NorthernFront/LevelNF_Walk_1->/Game/FPS_Game/Particles/Niagara/Snow/Snow_NiagaraEmitter_System->/Game/FPS_Game/Particles/Niagara/Snow/Snow_NiagaraEmitter,62323,None
0,/Game/FPS_Game/Particles/Niagara/Snow/Snow_NiagaraEmitter_System,NiagaraSystem,Soft From Unassigned Package? Best Guess: /NorthernFront/LevelNF_Walk_1->/Game/FPS_Game/Particles/Niagara/Snow/Snow_NiagaraEmitter_System,303835,None
0,/Game/FPS_Game/Particles/Snow/Snow_Material,Material,Soft From Unassigned Package? Best Guess: /NorthernFront/LevelNF_Walk_1->/Game/FPS_Game/Particles/Snow/Snow_Particle->/Game/FPS_Game/Particles/Snow/Snow_Material,31896,None
0,/Game/FPS_Game/Particles/Snow/Snow_Particle,ParticleSystem,Soft From Unassigned Package? Best Guess: /NorthernFront/LevelNF_Walk_1->/Game/FPS_Game/Particles/Snow/Snow_Particle,11795,None
0,/Game/FreeFurniturePack/Blueprints/BP_Classic_Cupboard,Blueprint,Soft From Unassigned Package? Best Guess: /Game/FreeFurniturePack/Maps/Overview->/Game/FreeFurniturePack/Blueprints/BP_Classic_Cupboard,7159,None
0,/Game/FreeFurniturePack/Materials/M_Classic_Cupboard,Material,Soft From Unassigned Package? Best Guess: /Game/FreeFurniturePack/Maps/Overview->/Game/FreeFurniturePack/Blueprints/BP_Classic_Cupboard->/Game/FreeFurniturePack/Meshes/SM_Classic_Cupboard->/Game/FreeFurniturePack/Materials/M_Classic_Cupboard,15469,None
0,/Game/FreeFurniturePack/Materials/M_Coffee_Table,Material,Soft From Unassigned Package? Best Guess: /Game/FreeFurniturePack/Maps/Overview->/Game/FreeFurniturePack/Meshes/SM_Coffee_Table->/Game/FreeFurniturePack/Materials/M_Coffee_Table,20564,None
0,/Game/FreeFurniturePack/Meshes/SM_Classic_Cupboard,StaticMesh,Soft From Unassigned Package? Best Guess: /Game/FreeFurniturePack/Maps/Overview->/Game/FreeFurniturePack/Blueprints/BP_Classic_Cupboard->/Game/FreeFurniturePack/Meshes/SM_Classic_Cupboard,310233,None
0,/Game/FreeFurniturePack/Meshes/SM_Classic_Cupboard_Door_Left,StaticMesh,Soft From Unassigned Package? Best Guess: /Game/FreeFurniturePack/Maps/Overview->/Game/FreeFurniturePack/Blueprints/BP_Classic_Cupboard->/Game/FreeFurniturePack/Meshes/SM_Classic_Cupboard_Door_Left,40603,None
0,/Game/FreeFurniturePack/Meshes/SM_Classic_Cupboard_Door_Right,StaticMesh,Soft From Unassigned Package? Best Guess: /Game/FreeFurniturePack/Maps/Overview->/Game/FreeFurniturePack/Blueprints/BP_Classic_Cupboard->/Game/FreeFurniturePack/Meshes/SM_Classic_Cupboard_Door_Right,40505,None
0,/Game/FreeFurniturePack/Meshes/SM_Classic_Cupboard_Drawer,StaticMesh,Soft From Unassigned Package? Best Guess: /Game/FreeFurniturePack/Maps/Overview->/Game/FreeFurniturePack/Blueprints/BP_Classic_Cupboard->/Game/FreeFurniturePack/Meshes/SM_Classic_Cupboard_Drawer,41822,None
0,/Game/FreeFurniturePack/Meshes/SM_Coffee_Table,StaticMesh,Soft From Unassigned Package? Best Guess: /Game/FreeFurniturePack/Maps/Overview->/Game/FreeFurniturePack/Meshes/SM_Coffee_Table,172643,None
0,/Game/FreeFurniturePack/Textures/T_Classic_Cupboard_A,Texture2D,Soft From Unassigned Package? Best Guess: /Game/FreeFurniturePack/Maps/Overview->/Game/FreeFurniturePack/Blueprints/BP_Classic_Cupboard->/Game/FreeFurniturePack/Meshes/SM_Classic_Cupboard->/Game/FreeFurniturePack/Materials/M_Classic_Cupboard->/Game/FreeFurniturePack/Textures/T_Classic_Cupboard_A,11186236,None
0,/Game/FreeFurniturePack/Textures/T_Classic_Cupboard_M_R_AO,Texture2D,Soft From Unassigned Package? Best Guess: /Game/FreeFurniturePack/Maps/Overview->/Game/FreeFurniturePack/Blueprints/BP_Classic_Cupboard->/Game/FreeFurniturePack/Meshes/SM_Classic_Cupboard->/Game/FreeFurniturePack/Materials/M_Classic_Cupboard->/Game/FreeFurniturePack/Textures/T_Classic_Cupboard_M_R_AO,11186306,None
0,/Game/FreeFurniturePack/Textures/T_Classic_Cupboard_N,Texture2D,Soft From Unassigned Package? Best Guess: /Game/FreeFurniturePack/Maps/Overview->/Game/FreeFurniturePack/Blueprints/BP_Classic_Cupboard->/Game/FreeFurniturePack/Meshes/SM_Classic_Cupboard->/Game/FreeFurniturePack/Materials/M_Classic_Cupboard->/Game/FreeFurniturePack/Textures/T_Classic_Cupboard_N,22371379,None
0,/Game/FreeFurniturePack/Textures/T_Coffee_Table_M,Texture2D,Soft From Unassigned Package? Best Guess: /Game/FreeFurniturePack/Maps/Overview->/Game/FreeFurniturePack/Meshes/SM_Coffee_Table->/Game/FreeFurniturePack/Materials/M_Coffee_Table->/Game/FreeFurniturePack/Textures/T_Coffee_Table_M,700598,None
0,/Game/Hara/Animations_wing/Anim_Bye,AnimSequence,Soft From Unassigned Package? Best Guess: /NorthernFront/LevelNF_Walk_2->/Game/Hara/Hara_Anim/Conversation/Demon_Conversation_AnimBP->/Game/Hara/Animations_wing/Anim_Bye,41837,None
0,/Game/Hara/Animations_wing/Anim_Cutepose,AnimSequence,Soft From Unassigned Package? Best Guess: /NorthernFront/MiniCutscene/Hara_Running->/NorthernFront/MiniCutscene/Target_Hara->/Game/Hara/Animations_wing/Anim_Cutepose,44330,None
0,/Game/Hara/Animations_wing/Anim_Thinking,AnimSequence,Soft From Unassigned Package? Best Guess: /NorthernFront/LevelNF_Walk_2->/Game/Hara/Hara_Anim/Conversation/Demon_Conversation_AnimBP->/Game/Hara/Animations_wing/Anim_Thinking,102554,None
0,/Game/Hara/Hara_Anim/Conversation/Demon_Conversation_AnimBP,AnimBlueprint,Soft From Unassigned Package? Best Guess: /NorthernFront/LevelNF_Walk_2->/Game/Hara/Hara_Anim/Conversation/Demon_Conversation_AnimBP,15516,None
0,/Game/LandscapePackOne/Environments/Sky/ShadowClouds/Materials/M_ShadowCloud_01,Material,Soft From Unassigned Package? Best Guess: /Game/LandscapePackOne/Maps/SnowyMountain_01->/Game/LandscapePackOne/Environments/Sky/ShadowClouds/Materials/MI_ShadowCloud_01->/Game/LandscapePackOne/Environments/Sky/ShadowClouds/Materials/M_ShadowCloud_01,16963,None
0,/Game/LandscapePackOne/Environments/Sky/ShadowClouds/Materials/MI_ShadowCloud_01,MaterialInstanceConstant,Soft From Unassigned Package? Best Guess: /Game/LandscapePackOne/Maps/SnowyMountain_01->/Game/LandscapePackOne/Environments/Sky/ShadowClouds/Materials/MI_ShadowCloud_01,4049,None
0,/Game/LandscapePackOne/Environments/Sky/ShadowClouds/Materials/MI_ShadowCloud_NF6,MaterialInstanceConstant,Soft From Unassigned Package? Best Guess: /NorthernFront/LevelNF_6->/Game/LandscapePackOne/Environments/Sky/ShadowClouds/Materials/MI_ShadowCloud_NF6,4051,None
0,/Game/LandscapePackOne/Environments/Sky/ShadowClouds/Textures/T_Cloud_1,Texture2D,Soft From Unassigned Package? Best Guess: /Game/LandscapePackOne/Maps/SnowyMountain_01->/Game/LandscapePackOne/Environments/Sky/ShadowClouds/Materials/MI_ShadowCloud_01->/Game/LandscapePackOne/Environments/Sky/ShadowClouds/Materials/M_ShadowCloud_01->/Game/LandscapePackOne/Environments/Sky/ShadowClouds/Textures/T_Cloud_1,2797595,None
0,/Game/LandscapePackOne/Environments/Sky/ShadowClouds/Textures/T_Cloud_8,Texture2D,Soft From Unassigned Package? Best Guess: /Game/LandscapePackOne/Maps/SnowyMountain_01->/Game/LandscapePackOne/Environments/Sky/ShadowClouds/Materials/MI_ShadowCloud_01->/Game/LandscapePackOne/Environments/Sky/ShadowClouds/Textures/T_Cloud_8,2797595,None
0,/Game/LandscapePackOne/Textures/Luts/T_Lut_11,Texture2D,Soft From Unassigned Package? Best Guess: /NorthernFront/Cutscene/LevelSequence_InitNF->/NorthernFront/LevelNF_Cutscene->/Game/LandscapePackOne/Textures/Luts/T_Lut_11,17544,None
0,/Game/M4A4/Sounds/Sound_Packs/W_SFX/Exp_Sound/Wavs/Explosion_Classic_10,SoundWave,Soft From Unassigned Package? Best Guess: /NorthernFront/Cutscene/LevelSequence_InitNF->/NorthernFront/LevelNF_Cutscene->/NorthernFront/Cutscene/ExplosionCutscene_NF->/Game/M4A4/Sounds/Sound_Packs/W_SFX/Exp_Sound/Wavs/Explosion_Classic_10,56789,None
0,/Game/M4A4/Sounds/Sound_Packs/W_SFX/Gun_Sound/Wavs/Cock_Shotgun_03,SoundWave,Soft From Unassigned Package? Best Guess: /NorthernFront/Cutscene/LevelSequence_InitNF->/NorthernFront/LevelNF_Cutscene->/NorthernFront/Cutscene/Steiner_Cutscene->/Game/M4A4/Sounds/Sound_Packs/W_SFX/Gun_Sound/Wavs/Cock_Shotgun_03,17785,None
0,/Game/M5VFXVOL2/Demo/Meshes/Floor,StaticMesh,Soft From Unassigned Package? Best Guess: /Game/M5VFXVOL2/Maps/M5_Vol2_Blueprints_Map->/Game/M5VFXVOL2/Demo/Meshes/Floor,6194,None
0,/Game/M5VFXVOL2/Materials/Fire_Inst/BoneFire_fwd2_Inst,MaterialInstanceConstant,Soft From Unassigned Package? Best Guess: /NorthernFront/Cutscene/LevelSequence_InitNF->/NorthernFront/LevelNF_Cutscene->/Game/M5VFXVOL2/Particles/Fire/Fire_03->/Game/M5VFXVOL2/Materials/Fire_Inst/BoneFire_fwd2_Inst,2828,None
0,/Game/M5VFXVOL2/Materials/Smoke_Inst/1_6_smoke2_vg2_Inst,MaterialInstanceConstant,Soft From Unassigned Package? Best Guess: /NorthernFront/Cutscene/LevelSequence_InitNF->/NorthernFront/LevelNF_Cutscene->/Game/M5VFXVOL2/Particles/Fire/Fire_03->/Game/M5VFXVOL2/Materials/Smoke_Inst/1_6_smoke2_vg2_Inst,4107,None
0,/Game/M5VFXVOL2/Particles/Fire/Fire_03,ParticleSystem,Soft From Unassigned Package? Best Guess: /NorthernFront/Cutscene/LevelSequence_InitNF->/NorthernFront/LevelNF_Cutscene->/Game/M5VFXVOL2/Particles/Fire/Fire_03,97062,None
0,/Game/M5VFXVOL2/Particles/Reference/Fireloop/4_bigfire2_pt,ParticleSystem,Soft From Unassigned Package? Best Guess: /Game/M5VFXVOL2/Maps/M5_Vol2_Ref_Map->/Game/M5VFXVOL2/Particles/Reference/Fireloop/4_bigfire2_pt,16982,None
0,/Game/M5VFXVOL2/Textures/Fire/bonefire_fwd2,Texture2D,Soft From Unassigned Package? Best Guess: /NorthernFront/Cutscene/LevelSequence_InitNF->/NorthernFront/LevelNF_Cutscene->/Game/M5VFXVOL2/Particles/Fire/Fire_03->/Game/M5VFXVOL2/Materials/Fire_Inst/BoneFire_fwd2_Inst->/Game/M5VFXVOL2/Textures/Fire/bonefire_fwd2,5593920,None
0,/Game/M5VFXVOL2/Textures/smoke/1_6_smoke2_vg2,Texture2D,Soft From Unassigned Package? Best Guess: /NorthernFront/Cutscene/LevelSequence_InitNF->/NorthernFront/LevelNF_Cutscene->/Game/M5VFXVOL2/Particles/Fire/Fire_03->/Game/M5VFXVOL2/Materials/Smoke_Inst/1_6_smoke2_vg2_Inst->/Game/M5VFXVOL2/Textures/smoke/1_6_smoke2_vg2,22371175,None
0,/Game/ModSci_Engineer/Materials/Props/MI_FloorPadding3,MaterialInstanceConstant,Soft From Unassigned Package? Best Guess: /NorthernFront/LevelNF_4->/Game/ModSci_Engineer/Materials/Props/MI_FloorPadding3,5708,None
0,/Game/ModSci_EngiProps/Materials/Case_A/MI_Case_A4,MaterialInstanceConstant,Soft From Unassigned Package? Best Guess: /Game/ModSci_Engineer/Maps/Example_Dynamic_2->/Game/ModSci_EngiProps/Materials/Case_A/MI_Case_A4,9139,None
0,/Game/ModSciInteriors/Materials/RailPlate/MI_RailPlate_B,MaterialInstanceConstant,Soft From Unassigned Package? Best Guess: /Game/ModSci_Engineer/Maps/Example_Dynamic_White->/Game/ModSciInteriors/Materials/RailPlate/MI_RailPlate_B,4892,None
0,/Game/ModSciInteriors/Meshes/SM_Stairs_A,StaticMesh,Soft From Unassigned Package? Best Guess: /Game/ModSciInteriors/Maps/Example_2_Dynamic->/Game/ModSciInteriors/Meshes/SM_Stairs_A,1351418,None
0,/Game/ModSciInteriors/Textures/RailPlate/T_RailPlate_Diff_B,Texture2D,Soft From Unassigned Package? Best Guess: /Game/ModSci_Engineer/Maps/Example_Dynamic_White->/Game/ModSciInteriors/Materials/RailPlate/MI_RailPlate_B->/Game/ModSciInteriors/Textures/RailPlate/T_RailPlate_Diff_B,11186240,None
0,/Game/scifi_kitbash/meshes/SM_Wall08_InnerCorner,StaticMesh,Soft From Unassigned Package? Best Guess: /NorthernFront/LevelNF_4->/Game/scifi_kitbash/meshes/SM_Wall08_InnerCorner,74218,None
0,/Game/scifi_kitbash/meshes/SM_Wall08_OuterCorner,StaticMesh,Soft From Unassigned Package? Best Guess: /Game/scifi_kitbash/maps/demonstration->/Game/scifi_kitbash/meshes/SM_Wall08_OuterCorner,66229,None
0,/Game/Sprites/Mina/Mina_Material,Material,Soft From Unassigned Package? Best Guess: /NorthernFront/LevelNF_1->/NorthernFront/Mine->/Game/Sprites/Mina/mine_DM->/Game/Sprites/Mina/Mina_Material,33867,None
0,/Game/Sprites/Mina/mine,StaticMesh,Soft From Unassigned Package? Best Guess: /NorthernFront/LevelNF_1->/NorthernFront/Mine->/Game/Sprites/Mina/mine_DM->/Game/Sprites/Mina/mine,147637,None
0,/Game/Sprites/Mina/mine_DefaultMaterial_BaseColor,Texture2D,Soft From Unassigned Package? Best Guess: /NorthernFront/LevelNF_1->/NorthernFront/Mine->/Game/Sprites/Mina/mine_DM->/Game/Sprites/Mina/Mina_Material->/Game/Sprites/Mina/mine_DefaultMaterial_BaseColor,700410,None
0,/Game/Sprites/Mina/mine_DefaultMaterial_Normal,Texture2D,Soft From Unassigned Package? Best Guess: /NorthernFront/LevelNF_1->/NorthernFront/Mine->/Game/Sprites/Mina/mine_DM->/Game/Sprites/Mina/Mina_Material->/Game/Sprites/Mina/mine_DefaultMaterial_Normal,1399787,None
0,/Game/Sprites/Mina/mine_DefaultMaterial_OcclusionRoughnessMetallic,Texture2D,Soft From Unassigned Package? Best Guess: /NorthernFront/LevelNF_1->/NorthernFront/Mine->/Game/Sprites/Mina/mine_DM->/Game/Sprites/Mina/Mina_Material->/Game/Sprites/Mina/mine_DefaultMaterial_OcclusionRoughnessMetallic,700444,None
0,/Game/Sprites/Mina/mine_DM,DestructibleMesh,Soft From Unassigned Package? Best Guess: /NorthernFront/LevelNF_1->/NorthernFront/Mine->/Game/Sprites/Mina/mine_DM,1729765,None
0,/Game/SurvivalAssetPack/Materials/M_Book-HowToSurviveInTheWoods,Material,Soft From Unassigned Package? Best Guess: /Game/SurvivalAssetPack/Maps/Overview->/Game/SurvivalAssetPack/Meshes/SM_Book-HowToSurviveInTheWoods-Dirty->/Game/SurvivalAssetPack/Materials/M_Book-HowToSurviveInTheWoods,20863,None
0,/Game/SurvivalAssetPack/Materials/M_SleepingBag-Open-Brown,Material,Soft From Unassigned Package? Best Guess: /Game/SurvivalAssetPack/Maps/Overview->/Game/SurvivalAssetPack/Meshes/SM_SleepingBag-Open-Brown->/Game/SurvivalAssetPack/Materials/M_SleepingBag-Open-Brown,20634,None
0,/Game/SurvivalAssetPack/Meshes/SM_Book-HowToSurviveInTheWoods-Dirty,StaticMesh,Soft From Unassigned Package? Best Guess: /Game/SurvivalAssetPack/Maps/Overview->/Game/SurvivalAssetPack/Meshes/SM_Book-HowToSurviveInTheWoods-Dirty,89575,None
0,/Game/SurvivalAssetPack/Meshes/SM_SleepingBag-Open-Brown,StaticMesh,Soft From Unassigned Package? Best Guess: /Game/SurvivalAssetPack/Maps/Overview->/Game/SurvivalAssetPack/Meshes/SM_SleepingBag-Open-Brown,1139130,None
0,/Game/SurvivalAssetPack/Textures/T_Book-HowToSurviveInTheWoods_BaseColor,Texture2D,Soft From Unassigned Package? Best Guess: /Game/SurvivalAssetPack/Maps/Overview->/Game/SurvivalAssetPack/Meshes/SM_Book-HowToSurviveInTheWoods-Dirty->/Game/SurvivalAssetPack/Materials/M_Book-HowToSurviveInTheWoods->/Game/SurvivalAssetPack/Textures/T_Book-HowToSurviveInTheWoods_BaseColor,700442,None
0,/Game/SurvivalAssetPack/Textures/T_Book-HowToSurviveInTheWoods_Normal,Texture2D,Soft From Unassigned Package? Best Guess: /Game/SurvivalAssetPack/Maps/Overview->/Game/SurvivalAssetPack/Meshes/SM_Book-HowToSurviveInTheWoods-Dirty->/Game/SurvivalAssetPack/Materials/M_Book-HowToSurviveInTheWoods->/Game/SurvivalAssetPack/Textures/T_Book-HowToSurviveInTheWoods_Normal,1399819,None
0,/Game/SurvivalAssetPack/Textures/T_Book-HowToSurviveInTheWoods_OcclusionRoughnessMetallic,Texture2D,Soft From Unassigned Package? Best Guess: /Game/SurvivalAssetPack/Maps/Overview->/Game/SurvivalAssetPack/Meshes/SM_Book-HowToSurviveInTheWoods-Dirty->/Game/SurvivalAssetPack/Materials/M_Book-HowToSurviveInTheWoods->/Game/SurvivalAssetPack/Textures/T_Book-HowToSurviveInTheWoods_OcclusionRoughnessMetallic,700536,None
0,/Game/SurvivalAssetPack/Textures/T_SleepingBag-Open-Brown_BaseColor,Texture2D,Soft From Unassigned Package? Best Guess: /Game/SurvivalAssetPack/Maps/Overview->/Game/SurvivalAssetPack/Meshes/SM_SleepingBag-Open-Brown->/Game/SurvivalAssetPack/Materials/M_SleepingBag-Open-Brown->/Game/SurvivalAssetPack/Textures/T_SleepingBag-Open-Brown_BaseColor,700432,None
0,/Game/SurvivalAssetPack/Textures/T_SleepingBag-Open_Normal,Texture2D,Soft From Unassigned Package? Best Guess: /Game/SurvivalAssetPack/Maps/Overview->/Game/SurvivalAssetPack/Meshes/SM_SleepingBag-Open-Brown->/Game/SurvivalAssetPack/Materials/M_SleepingBag-Open-Brown->/Game/SurvivalAssetPack/Textures/T_SleepingBag-Open_Normal,1399797,None
0,/Game/SurvivalAssetPack/Textures/T_SleepingBag-Open_OcclusionRoughnessMetallic,Texture2D,Soft From Unassigned Package? Best Guess: /Game/SurvivalAssetPack/Maps/Overview->/Game/SurvivalAssetPack/Meshes/SM_SleepingBag-Open-Brown->/Game/SurvivalAssetPack/Materials/M_SleepingBag-Open-Brown->/Game/SurvivalAssetPack/Textures/T_SleepingBag-Open_OcclusionRoughnessMetallic,700514,None
0,/Niagara/DefaultAssets/DefaultSpriteMaterial,Material,Soft From Unassigned Package? Best Guess: /NorthernFront/LevelNF_Walk_1->/Game/FPS_Game/Particles/Niagara/Snow/Snow_NiagaraEmitter_System->/Niagara/DefaultAssets/DefaultSpriteMaterial,51782,None
0,/Niagara/DynamicInputs/Angles/NormalizedAngleToDegrees,NiagaraScript,Soft From Unassigned Package? Best Guess: /NorthernFront/LevelNF_Walk_1->/Game/FPS_Game/Particles/Niagara/Snow/Snow_NiagaraEmitter_System->/Niagara/DynamicInputs/Angles/NormalizedAngleToDegrees,1683,None
0,/Niagara/DynamicInputs/TypeConversions/Vector2DFromFloat,NiagaraScript,Soft From Unassigned Package? Best Guess: /NorthernFront/LevelNF_Walk_1->/Game/FPS_Game/Particles/Niagara/Snow/Snow_NiagaraEmitter_System->/Niagara/DynamicInputs/TypeConversions/Vector2DFromFloat,941,None
0,/Niagara/DynamicInputs/UniformRange/UniformRangedFloat,NiagaraScript,Soft From Unassigned Package? Best Guess: /NorthernFront/LevelNF_Walk_1->/Game/FPS_Game/Particles/Niagara/Snow/Snow_NiagaraEmitter_System->/Niagara/DynamicInputs/UniformRange/UniformRangedFloat,4990,None
0,/Niagara/DynamicInputs/UniformRange/UniformRangedVector,NiagaraScript,Soft From Unassigned Package? Best Guess: /NorthernFront/LevelNF_Walk_1->/Game/FPS_Game/Particles/Niagara/Snow/Snow_NiagaraEmitter_System->/Niagara/DynamicInputs/UniformRange/UniformRangedVector,5106,None
0,/Niagara/DynamicInputs/ValueFromCurve/ColorFromCurve,NiagaraScript,Soft From Unassigned Package? Best Guess: /NorthernFront/LevelNF_Walk_1->/Game/FPS_Game/Particles/Niagara/Snow/Snow_NiagaraEmitter_System->/Niagara/DynamicInputs/ValueFromCurve/ColorFromCurve,1671,None
0,/Niagara/Functions/DirectionAndLengthSafe,NiagaraScript,Soft From Unassigned Package? Best Guess: /Niagara/Modules/Spawn/Velocity/AddVelocityFromPoint->/Niagara/Functions/DistanceBasedFalloff->/Niagara/Functions/NormalizeDistanceRange->/Niagara/Functions/DirectionAndLengthSafe,5027,None
0,/Niagara/Functions/Emitter/EmitterChangeState,NiagaraScript,Soft From Unassigned Package? Best Guess: /NorthernFront/LevelNF_Walk_1->/Game/FPS_Game/Particles/Niagara/Snow/Snow_NiagaraEmitter_System->/Niagara/Modules/Emitter/EmitterLifeCycle->/Niagara/Functions/Emitter/EmitterChangeState,4757,None
0,/Niagara/Functions/Localspace/SimulationPosition,NiagaraScript,Soft From Unassigned Package? Best Guess: /NorthernFront/LevelNF_Walk_1->/Game/FPS_Game/Particles/Niagara/Snow/Snow_NiagaraEmitter_System->/Niagara/Modules/Solvers/SolveForcesAndVelocity->/Niagara/Functions/Localspace/SimulationPosition,3896,None
0,/Niagara/Functions/Localspace/TransformBase,NiagaraScript,Soft From Unassigned Package? Best Guess: /Niagara/Modules/Update/Orientation/GenerateTorque->/Niagara/Modules/Update/Orientation/GenerateMeshTorque->/Niagara/Modules/Update/Orientation/MeshRotationForce->/Niagara/Modules/Update/Orientation/V2/MeshRotationForce->/Niagara/Functions/Localspace/TransformVector->/Niagara/Functions/Localspace/TransformBase,6073,None
0,/Niagara/Functions/Localspace/TransformVector,NiagaraScript,Soft From Unassigned Package? Best Guess: /Niagara/Modules/Update/Orientation/GenerateTorque->/Niagara/Modules/Update/Orientation/GenerateMeshTorque->/Niagara/Modules/Update/Orientation/MeshRotationForce->/Niagara/Modules/Update/Orientation/V2/MeshRotationForce->/Niagara/Functions/Localspace/TransformVector,1413,None
0,/Niagara/Functions/RandomPointInSphere,NiagaraScript,Soft From Unassigned Package? Best Guess: /NorthernFront/LevelNF_Walk_1->/Game/FPS_Game/Particles/Niagara/Snow/Snow_NiagaraEmitter_System->/Niagara/Modules/Spawn/Location/SphereLocation->/Niagara/Functions/RandomPointInSphere,9482,None
0,/Niagara/Functions/RandomRange,NiagaraScript,Soft From Unassigned Package? Best Guess: /Niagara/Modules/Collision/AnalyticalCollisionQuery->/Niagara/Modules/Collision/Collision->/Niagara/Modules/Collision/CollisionQueryAndResponse->/Niagara/Functions/Collision/RandomizeCollisionNormals->/Niagara/Functions/RandomRange,7618,None
0,/Niagara/Functions/System/SystemChangeState,NiagaraScript,Soft From Unassigned Package? Best Guess: /NorthernFront/LevelNF_Walk_1->/Game/FPS_Game/Particles/Niagara/Snow/Snow_NiagaraEmitter_System->/Niagara/Modules/System/SystemLifeCycle->/Niagara/Functions/System/SystemChangeState,782,None
0,/Niagara/Modules/Emitter/EmitterLifeCycle,NiagaraScript,Soft From Unassigned Package? Best Guess: /NorthernFront/LevelNF_Walk_1->/Game/FPS_Game/Particles/Niagara/Snow/Snow_NiagaraEmitter_System->/Niagara/Modules/Emitter/EmitterLifeCycle,7636,None
0,/Niagara/Modules/Emitter/SpawnRate,NiagaraScript,Soft From Unassigned Package? Best Guess: /NorthernFront/LevelNF_Walk_1->/Game/FPS_Game/Particles/Niagara/Snow/Snow_NiagaraEmitter_System->/Niagara/Modules/Emitter/SpawnRate,4229,None
0,/Niagara/Modules/Solvers/SolveForcesAndVelocity,NiagaraScript,Soft From Unassigned Package? Best Guess: /NorthernFront/LevelNF_Walk_1->/Game/FPS_Game/Particles/Niagara/Snow/Snow_NiagaraEmitter_System->/Niagara/Modules/Solvers/SolveForcesAndVelocity,6797,None
0,/Niagara/Modules/Spawn/Location/SphereLocation,NiagaraScript,Soft From Unassigned Package? Best Guess: /NorthernFront/LevelNF_Walk_1->/Game/FPS_Game/Particles/Niagara/Snow/Snow_NiagaraEmitter_System->/Niagara/Modules/Spawn/Location/SphereLocation,11269,None
0,/Niagara/Modules/Spawn/Velocity/AddVelocity,NiagaraScript,Soft From Unassigned Package? Best Guess: /NorthernFront/LevelNF_Walk_1->/Game/FPS_Game/Particles/Niagara/Snow/Snow_NiagaraEmitter_System->/Niagara/Modules/Spawn/Velocity/AddVelocity,6599,None
0,/Niagara/Modules/System/SystemLifeCycle,NiagaraScript,Soft From Unassigned Package? Best Guess: /NorthernFront/LevelNF_Walk_1->/Game/FPS_Game/Particles/Niagara/Snow/Snow_NiagaraEmitter_System->/Niagara/Modules/System/SystemLifeCycle,4813,None
0,/Niagara/Modules/Update/Color/Color,NiagaraScript,Soft From Unassigned Package? Best Guess: /NorthernFront/LevelNF_Walk_1->/Game/FPS_Game/Particles/Niagara/Snow/Snow_NiagaraEmitter_System->/Niagara/Modules/Update/Color/Color,4433,None
0,/Niagara/Modules/Update/Forces/AccelerationForce,NiagaraScript,Soft From Unassigned Package? Best Guess: /NorthernFront/LevelNF_Walk_1->/Game/FPS_Game/Particles/Niagara/Snow/Snow_NiagaraEmitter_System->/Niagara/Modules/Update/Forces/AccelerationForce,5895,None
0,/Niagara/Modules/Update/Lifetime/UpdateAge,NiagaraScript,Soft From Unassigned Package? Best Guess: /NorthernFront/LevelNF_Walk_1->/Game/FPS_Game/Particles/Niagara/Snow/Snow_NiagaraEmitter_System->/Niagara/Modules/Update/Lifetime/UpdateAge,5044,None
0,/NorthernFront/Bomb_Floor,Blueprint,Soft From Unassigned Package? Best Guess: /NorthernFront/Floor_Bombs->/NorthernFront/Bomb_Spawner->/NorthernFront/Bomb_NF->/NorthernFront/Bomb_Floor,4106,None
0,/NorthernFront/Bomb_NF,Blueprint,Soft From Unassigned Package? Best Guess: /NorthernFront/Floor_Bombs->/NorthernFront/Bomb_Spawner->/NorthernFront/Bomb_NF,42104,None
0,/NorthernFront/Bomb_NF_FloorLocation,Blueprint,Soft From Unassigned Package? Best Guess: /NorthernFront/Floor_Bombs->/NorthernFront/Bomb_Spawner->/NorthernFront/Bomb_NF_FloorLocation,10445,None
0,/NorthernFront/Bomb_Spawner,Blueprint,Soft From Unassigned Package? Best Guess: /NorthernFront/Floor_Bombs->/NorthernFront/Bomb_Spawner,23066,None
0,/NorthernFront/Cutscene/BumpShootgun,SoundWave,Soft From Unassigned Package? Best Guess: /NorthernFront/Cutscene/LevelSequence_InitNF->/NorthernFront/LevelNF_Cutscene->/NorthernFront/Cutscene/Steiner_Cutscene->/NorthernFront/Cutscene/BumpShootgun,11977,None
0,/NorthernFront/Cutscene/BumpShootgun_Start,SoundWave,Soft From Unassigned Package? Best Guess: /NorthernFront/Cutscene/BumpShootgun_Start,8931,None
0,/NorthernFront/Cutscene/ExplosionCutscene_NF,Blueprint,Soft From Unassigned Package? Best Guess: /NorthernFront/Cutscene/LevelSequence_InitNF->/NorthernFront/LevelNF_Cutscene->/NorthernFront/Cutscene/ExplosionCutscene_NF,7325,None
0,/NorthernFront/Cutscene/LevelSequence_InitNF,LevelSequence,Soft From Unassigned Package? Best Guess: /NorthernFront/LevelNF_Cutscene->/NorthernFront/Cutscene/LevelSequence_InitNF,30368,None
0,/NorthernFront/Cutscene/NF_InitCutscene_WB,WidgetBlueprint,Soft From Unassigned Package? Best Guess: /NorthernFront/Cutscene/LevelSequence_InitNF->/NorthernFront/LevelNF_Cutscene->/NorthernFront/Cutscene/NF_InitCutscene_WB,20343,None
0,/NorthernFront/Cutscene/NF_IntroSong,SoundWave,Soft From Unassigned Package? Best Guess: /NorthernFront/Cutscene/LevelSequence_InitNF->/NorthernFront/LevelNF_Cutscene->/NorthernFront/Cutscene/Steiner_Cutscene->/NorthernFront/Cutscene/NF_IntroSong,93470,None
0,/NorthernFront/Cutscene/Steiner_BumpingShootgun,AnimSequence,Soft From Unassigned Package? Best Guess: /NorthernFront/Cutscene/LevelSequence_InitNF->/NorthernFront/LevelNF_Cutscene->/NorthernFront/Cutscene/Steiner_Cutscene->/NorthernFront/Cutscene/Steiner_BumpingShootgun,59458,None
0,/NorthernFront/Cutscene/Steiner_Cutscene,Blueprint,Soft From Unassigned Package? Best Guess: /NorthernFront/Cutscene/LevelSequence_InitNF->/NorthernFront/LevelNF_Cutscene->/NorthernFront/Cutscene/Steiner_Cutscene,24319,None
0,/NorthernFront/Gas,Blueprint,Soft From Unassigned Package? Best Guess: /NorthernFront/LevelNF_6->/NorthernFront/Gas,20070,None
0,/NorthernFront/LevelNF_1,World,Soft From Unassigned Package? Best Guess: /NorthernFront/LevelNF_1,5289330,None
0,/NorthernFront/LevelNF_2,World,Soft From Unassigned Package? Best Guess: /NorthernFront/LevelNF_2,5627517,None
0,/NorthernFront/LevelNF_3,World,Soft From Unassigned Package? Best Guess: /NorthernFront/LevelNF_3,5347197,None
0,/NorthernFront/LevelNF_4,World,Soft From Unassigned Package? Best Guess: /NorthernFront/LevelNF_4,5607122,None
0,/NorthernFront/LevelNF_5,World,Soft From Unassigned Package? Best Guess: /NorthernFront/LevelNF_5,7178718,None
0,/NorthernFront/LevelNF_5_BuiltData,MapBuildDataRegistry,Soft From Unassigned Package? Best Guess: /NorthernFront/LevelNF_5->/NorthernFront/LevelNF_5_BuiltData,24437804,None
0,/NorthernFront/LevelNF_6,World,Soft From Unassigned Package? Best Guess: /NorthernFront/LevelNF_6,7731308,None
0,/NorthernFront/LevelNF_7,World,Soft From Unassigned Package? Best Guess: /NorthernFront/LevelNF_7,6686222,None
0,/NorthernFront/LevelNF_8,World,Soft From Unassigned Package? Best Guess: /NorthernFront/LevelNF_8,5246930,None
0,/NorthernFront/LevelNF_9,World,Soft From Unassigned Package? Best Guess: /NorthernFront/LevelNF_9,5685914,None
0,/NorthernFront/LevelNF_Cutscene,World,Soft From Unassigned Package? Best Guess: /NorthernFront/Cutscene/LevelSequence_InitNF->/NorthernFront/LevelNF_Cutscene,15628265,None
0,/NorthernFront/LevelNF_Walk_1,World,Soft From Unassigned Package? Best Guess: /NorthernFront/LevelNF_Walk_1,57090441,None
0,/NorthernFront/LevelNF_Walk_2,World,Soft From Unassigned Package? Best Guess: /NorthernFront/LevelNF_Walk_2,15493046,None
0,/NorthernFront/Mine,Blueprint,Soft From Unassigned Package? Best Guess: /NorthernFront/LevelNF_1->/NorthernFront/Mine,50998,None
0,/NorthernFront/MiniCutscene/AvatarRunning,Blueprint,Soft From Unassigned Package? Best Guess: /NorthernFront/MiniCutscene/LevelNF_Minicutscene->/NorthernFront/MiniCutscene/AvatarRunning,9702,None
0,/NorthernFront/MiniCutscene/Hara_Running,Blueprint,Soft From Unassigned Package? Best Guess: /NorthernFront/MiniCutscene/LevelNF_Minicutscene->/NorthernFront/MiniCutscene/Hara_Running,7820,None
0,/NorthernFront/MiniCutscene/LevelNF_Minicutscene,World,Soft From Unassigned Package? Best Guess: /NorthernFront/MiniCutscene/LevelNF_Minicutscene,15605602,None
0,/NorthernFront/MiniCutscene/Target_Hara,Blueprint,Soft From Unassigned Package? Best Guess: /NorthernFront/MiniCutscene/Hara_Running->/NorthernFront/MiniCutscene/Target_Hara,12542,None
0,/NorthernFront/NF_2042,World,Soft From Unassigned Package? Best Guess: /NorthernFront/NF_2042,7727,None
0,/NorthernFront/NF_2042_WB,WidgetBlueprint,Soft From Unassigned Package? Best Guess: /NorthernFront/NF_2042->/NorthernFront/NF_2042_WB,29518,None
0,/NorthernFront/NF_Bg_Character,Blueprint,Soft From Unassigned Package? Best Guess: /NorthernFront/Cutscene/LevelSequence_InitNF->/NorthernFront/LevelNF_Cutscene->/NorthernFront/NF_Bg_Character,14948,None
0,/NorthernFront/NF_Bg_Character_Spawner,Blueprint,Soft From Unassigned Package? Best Guess: /NorthernFront/LevelNF_Walk_1->/NorthernFront/NF_Bg_Character_Spawner,9501,None
0,/NorthernFront/NF_LevelWarning,World,Soft From Unassigned Package? Best Guess: /NorthernFront/NF_LevelWarning,6447,None
0,/NorthernFront/NF_Steiner,Blueprint,Soft From Unassigned Package? Best Guess: /NorthernFront/MiniCutscene/LevelNF_Minicutscene->/NorthernFront/NF_Steiner,6684,None
0,/NorthernFront/NG_WarningWB,WidgetBlueprint,Soft From Unassigned Package? Best Guess: /NorthernFront/NF_LevelWarning->/NorthernFront/NG_WarningWB,16768,None
0,/NorthernFront/NPCsMesh/Truman/NF_Truman_Anim,AnimSequence,Soft From Unassigned Package? Best Guess: /NorthernFront/NPCsMesh/Truman/NF_Truman_Anim,7463,None
0,/NorthernFront/Sound/EnteringLevel_DemonSound,SoundWave,Soft From Unassigned Package? Best Guess: /NorthernFront/Sound/EnteringLevel_DemonSound,13749,None
